date,city,race_no,horse_name,actual_rank,ganyan,model_score,is_winner,momentum_5,combo_win_rate,track_win_rate,quantum_chaos,galop_count,galop_speed,hp,weight
18/01/2026,İzmir,1,POR TI VOLARE,0,0.0,0.09678251633890221,0,1.0,0.0,0.0,0.8,0,0.0,0,58.0
18/01/2026,İzmir,1,HOLY,1,4.45,0.4661806586283385,1,0.9,1.0,1.0,0.2533333333333334,0,0.0,0,56.0
18/01/2026,İzmir,1,HAŞARI,2,5.4,0.09290361137913285,0,0.8,0.0,0.0,0.44,0,0.0,0,0.0
18/01/2026,İzmir,1,LUNA DEL CUORE,3,7.8,0.10456371964247524,0,0.7,0.0,0.0,0.26,0,0.0,0,0.0
18/01/2026,İzmir,1,JAPONCAN,4,2.8,0.12467812582939186,0,0.6,0.0,0.0,0.08,0,0.0,0,58.0
18/01/2026,İzmir,1,KHAN OF THE FOREST,5,2.45,0.09631582957098926,0,0.5,0.0,0.0,0.9,0,0.0,0,58.0
18/01/2026,İzmir,1,CHILEAN BRIDE,6,6.85,0.08892750991267166,0,0.4,0.0,0.0,0.72,0,0.0,0,56.0
18/01/2026,İzmir,1,CALL TO WARRIOR,7,7.55,0.07149893515585991,0,0.3,0.0,0.0,0.54,0,0.0,0,0.0
18/01/2026,İzmir,1,KARPATINO,8,6.85,0.08858567032247193,0,0.2,0.0,0.0,0.36,0,0.0,0,58.0
18/01/2026,İzmir,1,POR TI VOLARE,0,0.0,0.09678251633890221,0,1.0,0.0,0.0,0.8,0,0.0,0,58.0
18/01/2026,İzmir,1,HOLY,1,4.45,0.4661806586283385,1,0.9,1.0,1.0,0.2533333333333334,0,0.0,0,56.0
18/01/2026,İzmir,1,HAŞARI,2,5.4,0.09290361137913285,0,0.8,0.0,0.0,0.44,0,0.0,0,0.0
18/01/2026,İzmir,1,LUNA DEL CUORE,3,7.8,0.10456371964247524,0,0.7,0.0,0.0,0.26,0,0.0,0,0.0
18/01/2026,İzmir,1,JAPONCAN,4,2.8,0.12467812582939186,0,0.6,0.0,0.0,0.08,0,0.0,0,58.0
18/01/2026,İzmir,1,KHAN OF THE FOREST,5,2.45,0.09631582957098926,0,0.5,0.0,0.0,0.9,0,0.0,0,58.0
18/01/2026,İzmir,1,CHILEAN BRIDE,6,6.85,0.08892750991267166,0,0.4,0.0,0.0,0.72,0,0.0,0,56.0
18/01/2026,İzmir,1,CALL TO WARRIOR,7,7.55,0.07149893515585991,0,0.3,0.0,0.0,0.54,0,0.0,0,0.0
18/01/2026,İzmir,1,KARPATINO,8,6.85,0.08858567032247193,0,0.2,0.0,0.0,0.36,0,0.0,0,58.0
18/01/2026,İzmir,1,POR TI VOLARE,0,0.0,0.09678251633890221,0,1.0,0.0,0.0,0.8,0,0.0,0,58.0
18/01/2026,İzmir,1,HOLY,1,4.45,0.4661806586283385,1,0.9,1.0,1.0,0.2533333333333334,0,0.0,0,56.0
18/01/2026,İzmir,1,HAŞARI,2,5.4,0.09290361137913285,0,0.8,0.0,0.0,0.44,0,0.0,0,0.0
18/01/2026,İzmir,1,LUNA DEL CUORE,3,7.8,0.10456371964247524,0,0.7,0.0,0.0,0.26,0,0.0,0,0.0
18/01/2026,İzmir,1,JAPONCAN,4,2.8,0.12467812582939186,0,0.6,0.0,0.0,0.08,0,0.0,0,58.0
18/01/2026,İzmir,1,KHAN OF THE FOREST,5,2.45,0.09631582957098926,0,0.5,0.0,0.0,0.9,0,0.0,0,58.0
18/01/2026,İzmir,1,CHILEAN BRIDE,6,6.85,0.08892750991267166,0,0.4,0.0,0.0,0.72,0,0.0,0,56.0
18/01/2026,İzmir,1,CALL TO WARRIOR,7,7.55,0.07149893515585991,0,0.3,0.0,0.0,0.54,0,0.0,0,0.0
18/01/2026,İzmir,1,KARPATINO,8,6.85,0.08858567032247193,0,0.2,0.0,0.0,0.36,0,0.0,0,58.0
18/01/2026,İzmir,1,POR TI VOLARE,0,0.0,0.09678251633890221,0,1.0,0.0,0.0,0.8,0,0.0,0,58.0
18/01/2026,İzmir,1,HOLY,1,4.45,0.4661806586283385,1,0.9,1.0,1.0,0.2533333333333334,0,0.0,0,56.0
18/01/2026,İzmir,1,HAŞARI,2,5.4,0.09290361137913285,0,0.8,0.0,0.0,0.44,0,0.0,0,0.0
18/01/2026,İzmir,1,LUNA DEL CUORE,3,7.8,0.10456371964247524,0,0.7,0.0,0.0,0.26,0,0.0,0,0.0
18/01/2026,İzmir,1,JAPONCAN,4,2.8,0.12467812582939186,0,0.6,0.0,0.0,0.08,0,0.0,0,58.0
18/01/2026,İzmir,1,KHAN OF THE FOREST,5,2.45,0.09631582957098926,0,0.5,0.0,0.0,0.9,0,0.0,0,58.0
18/01/2026,İzmir,1,CHILEAN BRIDE,6,6.85,0.08892750991267166,0,0.4,0.0,0.0,0.72,0,0.0,0,56.0
18/01/2026,İzmir,1,CALL TO WARRIOR,7,7.55,0.07149893515585991,0,0.3,0.0,0.0,0.54,0,0.0,0,0.0
18/01/2026,İzmir,1,KARPATINO,8,6.85,0.08858567032247193,0,0.2,0.0,0.0,0.36,0,0.0,0,58.0
18/01/2026,İzmir,1,POR TI VOLARE,0,0.0,0.09678251633890221,0,1.0,0.0,0.0,0.8,0,0.0,0,58.0
18/01/2026,İzmir,1,HOLY,1,4.45,0.4661806586283385,1,0.9,1.0,1.0,0.2533333333333334,0,0.0,0,56.0
18/01/2026,İzmir,1,HAŞARI,2,5.4,0.09290361137913285,0,0.8,0.0,0.0,0.44,0,0.0,0,0.0
18/01/2026,İzmir,1,LUNA DEL CUORE,3,7.8,0.10456371964247524,0,0.7,0.0,0.0,0.26,0,0.0,0,0.0
18/01/2026,İzmir,1,JAPONCAN,4,2.8,0.12467812582939186,0,0.6,0.0,0.0,0.08,0,0.0,0,58.0
18/01/2026,İzmir,1,KHAN OF THE FOREST,5,2.45,0.09631582957098926,0,0.5,0.0,0.0,0.9,0,0.0,0,58.0
18/01/2026,İzmir,1,CHILEAN BRIDE,6,6.85,0.08892750991267166,0,0.4,0.0,0.0,0.72,0,0.0,0,56.0
18/01/2026,İzmir,1,CALL TO WARRIOR,7,7.55,0.07149893515585991,0,0.3,0.0,0.0,0.54,0,0.0,0,0.0
18/01/2026,İzmir,1,KARPATINO,8,6.85,0.08858567032247193,0,0.2,0.0,0.0,0.36,0,0.0,0,58.0
18/01/2026,İzmir,1,POR TI VOLARE,0,0.0,0.09678251633890221,0,1.0,0.0,0.0,0.8,0,0.0,0,58.0
18/01/2026,İzmir,1,HOLY,1,4.45,0.4661806586283385,1,0.9,1.0,1.0,0.2533333333333334,0,0.0,0,56.0
18/01/2026,İzmir,1,HAŞARI,2,5.4,0.09290361137913285,0,0.8,0.0,0.0,0.44,0,0.0,0,0.0
18/01/2026,İzmir,1,LUNA DEL CUORE,3,7.8,0.10456371964247524,0,0.7,0.0,0.0,0.26,0,0.0,0,0.0
18/01/2026,İzmir,1,JAPONCAN,4,2.8,0.12467812582939186,0,0.6,0.0,0.0,0.08,0,0.0,0,58.0
18/01/2026,İzmir,1,KHAN OF THE FOREST,5,2.45,0.09631582957098926,0,0.5,0.0,0.0,0.9,0,0.0,0,58.0
18/01/2026,İzmir,1,CHILEAN BRIDE,6,6.85,0.08892750991267166,0,0.4,0.0,0.0,0.72,0,0.0,0,56.0
18/01/2026,İzmir,1,CALL TO WARRIOR,7,7.55,0.07149893515585991,0,0.3,0.0,0.0,0.54,0,0.0,0,0.0
18/01/2026,İzmir,1,KARPATINO,8,6.85,0.08858567032247193,0,0.2,0.0,0.0,0.36,0,0.0,0,58.0
18/01/2026,İzmir,2,SENSE OF REASON,0,0.0,0.05905851728090992,0,0.76,0.0,0.0,0.3679999999999998,5,0.0,8,51.0
18/01/2026,İzmir,2,DRAGON PULSE,1,1.3,0.4187633748356252,1,0.72,0.7058823529411765,0.65,0.7981960784313725,0,0.0,103,57.0
18/01/2026,İzmir,2,GULAZER,2,22.8,0.06767000990674714,0,0.34,0.0,0.058823529411764705,0.5763137254901961,5,0.0,41,0.0
18/01/2026,İzmir,2,LODATO,3,12.5,0.11038325577342849,0,0.58,0.0,0.09090909090909091,0.967030303030303,5,0.0,49,0.0
18/01/2026,İzmir,2,CASH IS KING,4,6.05,0.1387826015019262,0,0.62,0.09090909090909091,0.14285714285714285,0.12751515151515178,5,0.0,84,0.0
18/01/2026,İzmir,2,BAHİSÇİ,5,16.0,0.10564758248151311,0,0.36,0.0,0.0,0.6479999999999998,5,0.0,50,61.0
18/01/2026,İzmir,2,BIG HONEY,6,30.35,0.06916185003144582,0,0.4,0.0,0.0,0.72,0,0.0,0,55.0
18/01/2026,İzmir,2,DUYARLI,7,17.35,0.10877135856574704,0,0.5599999999999999,0.0,0.15384615384615385,0.8808205128205127,0,0.0,55,0.0
18/01/2026,İzmir,2,HEY JUDE,8,2.6,0.14356747667224193,0,0.64,0.0,0.1,0.0613333333333334,0,0.0,88,59.0
18/01/2026,İzmir,2,SENSE OF REASON,0,0.0,0.05905851728090992,0,0.76,0.0,0.0,0.3679999999999998,5,0.0,8,51.0
18/01/2026,İzmir,2,DRAGON PULSE,1,1.3,0.4187633748356252,1,0.72,0.7058823529411765,0.65,0.7981960784313725,0,0.0,103,57.0
18/01/2026,İzmir,2,GULAZER,2,22.8,0.06767000990674714,0,0.34,0.0,0.058823529411764705,0.5763137254901961,5,0.0,41,0.0
18/01/2026,İzmir,2,LODATO,3,12.5,0.11038325577342849,0,0.58,0.0,0.09090909090909091,0.967030303030303,5,0.0,49,0.0
18/01/2026,İzmir,2,CASH IS KING,4,6.05,0.1387826015019262,0,0.62,0.09090909090909091,0.14285714285714285,0.12751515151515178,5,0.0,84,0.0
18/01/2026,İzmir,2,BAHİSÇİ,5,16.0,0.10564758248151311,0,0.36,0.0,0.0,0.6479999999999998,5,0.0,50,61.0
18/01/2026,İzmir,2,BIG HONEY,6,30.35,0.06916185003144582,0,0.4,0.0,0.0,0.72,0,0.0,0,55.0
18/01/2026,İzmir,2,DUYARLI,7,17.35,0.10877135856574704,0,0.5599999999999999,0.0,0.15384615384615385,0.8808205128205127,0,0.0,55,0.0
18/01/2026,İzmir,2,HEY JUDE,8,2.6,0.14356747667224193,0,0.64,0.0,0.1,0.0613333333333334,0,0.0,88,59.0
18/01/2026,İzmir,2,SENSE OF REASON,0,0.0,0.05905851728090992,0,0.76,0.0,0.0,0.3679999999999998,5,0.0,8,51.0
18/01/2026,İzmir,2,DRAGON PULSE,1,1.3,0.4187633748356252,1,0.72,0.7058823529411765,0.65,0.7981960784313725,0,0.0,103,57.0
18/01/2026,İzmir,2,GULAZER,2,22.8,0.06767000990674714,0,0.34,0.0,0.058823529411764705,0.5763137254901961,5,0.0,41,0.0
18/01/2026,İzmir,2,LODATO,3,12.5,0.11038325577342849,0,0.58,0.0,0.09090909090909091,0.967030303030303,5,0.0,49,0.0
18/01/2026,İzmir,2,CASH IS KING,4,6.05,0.1387826015019262,0,0.62,0.09090909090909091,0.14285714285714285,0.12751515151515178,5,0.0,84,0.0
18/01/2026,İzmir,2,BAHİSÇİ,5,16.0,0.10564758248151311,0,0.36,0.0,0.0,0.6479999999999998,5,0.0,50,61.0
18/01/2026,İzmir,2,BIG HONEY,6,30.35,0.06916185003144582,0,0.4,0.0,0.0,0.72,0,0.0,0,55.0
18/01/2026,İzmir,2,DUYARLI,7,17.35,0.10877135856574704,0,0.5599999999999999,0.0,0.15384615384615385,0.8808205128205127,0,0.0,55,0.0
18/01/2026,İzmir,2,HEY JUDE,8,2.6,0.14356747667224193,0,0.64,0.0,0.1,0.0613333333333334,0,0.0,88,59.0
18/01/2026,İzmir,2,SENSE OF REASON,0,0.0,0.05905851728090992,0,0.76,0.0,0.0,0.3679999999999998,5,0.0,8,51.0
18/01/2026,İzmir,2,DRAGON PULSE,1,1.3,0.4187633748356252,1,0.72,0.7058823529411765,0.65,0.7981960784313725,0,0.0,103,57.0
18/01/2026,İzmir,2,GULAZER,2,22.8,0.06767000990674714,0,0.34,0.0,0.058823529411764705,0.5763137254901961,5,0.0,41,0.0
18/01/2026,İzmir,2,LODATO,3,12.5,0.11038325577342849,0,0.58,0.0,0.09090909090909091,0.967030303030303,5,0.0,49,0.0
18/01/2026,İzmir,2,CASH IS KING,4,6.05,0.1387826015019262,0,0.62,0.09090909090909091,0.14285714285714285,0.12751515151515178,5,0.0,84,0.0
18/01/2026,İzmir,2,BAHİSÇİ,5,16.0,0.10564758248151311,0,0.36,0.0,0.0,0.6479999999999998,5,0.0,50,61.0
18/01/2026,İzmir,2,BIG HONEY,6,30.35,0.06916185003144582,0,0.4,0.0,0.0,0.72,0,0.0,0,55.0
18/01/2026,İzmir,2,DUYARLI,7,17.35,0.10877135856574704,0,0.5599999999999999,0.0,0.15384615384615385,0.8808205128205127,0,0.0,55,0.0
18/01/2026,İzmir,2,HEY JUDE,8,2.6,0.14356747667224193,0,0.64,0.0,0.1,0.0613333333333334,0,0.0,88,59.0
18/01/2026,İzmir,2,SENSE OF REASON,0,0.0,0.05905851728090992,0,0.76,0.0,0.0,0.3679999999999998,5,0.0,8,51.0
18/01/2026,İzmir,2,DRAGON PULSE,1,1.3,0.4187633748356252,1,0.72,0.7058823529411765,0.65,0.7981960784313725,0,0.0,103,57.0
18/01/2026,İzmir,2,GULAZER,2,22.8,0.06767000990674714,0,0.34,0.0,0.058823529411764705,0.5763137254901961,5,0.0,41,0.0
18/01/2026,İzmir,2,LODATO,3,12.5,0.11038325577342849,0,0.58,0.0,0.09090909090909091,0.967030303030303,5,0.0,49,0.0
18/01/2026,İzmir,2,CASH IS KING,4,6.05,0.1387826015019262,0,0.62,0.09090909090909091,0.14285714285714285,0.12751515151515178,5,0.0,84,0.0
18/01/2026,İzmir,2,BAHİSÇİ,5,16.0,0.10564758248151311,0,0.36,0.0,0.0,0.6479999999999998,5,0.0,50,61.0
18/01/2026,İzmir,2,BIG HONEY,6,30.35,0.06916185003144582,0,0.4,0.0,0.0,0.72,0,0.0,0,55.0
18/01/2026,İzmir,2,DUYARLI,7,17.35,0.10877135856574704,0,0.5599999999999999,0.0,0.15384615384615385,0.8808205128205127,0,0.0,55,0.0
18/01/2026,İzmir,2,HEY JUDE,8,2.6,0.14356747667224193,0,0.64,0.0,0.1,0.0613333333333334,0,0.0,88,59.0
18/01/2026,İzmir,2,SENSE OF REASON,0,0.0,0.05905851728090992,0,0.76,0.0,0.0,0.3679999999999998,5,0.0,8,51.0
18/01/2026,İzmir,2,DRAGON PULSE,1,1.3,0.4187633748356252,1,0.72,0.7058823529411765,0.65,0.7981960784313725,0,0.0,103,57.0
18/01/2026,İzmir,2,GULAZER,2,22.8,0.06767000990674714,0,0.34,0.0,0.058823529411764705,0.5763137254901961,5,0.0,41,0.0
18/01/2026,İzmir,2,LODATO,3,12.5,0.11038325577342849,0,0.58,0.0,0.09090909090909091,0.967030303030303,5,0.0,49,0.0
18/01/2026,İzmir,2,CASH IS KING,4,6.05,0.1387826015019262,0,0.62,0.09090909090909091,0.14285714285714285,0.12751515151515178,5,0.0,84,0.0
18/01/2026,İzmir,2,BAHİSÇİ,5,16.0,0.10564758248151311,0,0.36,0.0,0.0,0.6479999999999998,5,0.0,50,61.0
18/01/2026,İzmir,2,BIG HONEY,6,30.35,0.06916185003144582,0,0.4,0.0,0.0,0.72,0,0.0,0,55.0
18/01/2026,İzmir,2,DUYARLI,7,17.35,0.10877135856574704,0,0.5599999999999999,0.0,0.15384615384615385,0.8808205128205127,0,0.0,55,0.0
18/01/2026,İzmir,2,HEY JUDE,8,2.6,0.14356747667224193,0,0.64,0.0,0.1,0.0613333333333334,0,0.0,88,59.0
18/01/2026,İzmir,3,QUEEN TUANA,0,0.0,0.07378392193985224,0,1.0,0.0,0.0,0.8,0,0.0,0,0.0
18/01/2026,İzmir,3,TOLPER,1,1.85,0.3730598958661607,1,0.9,1.0,1.0,0.2533333333333334,0,0.0,0,58.0
18/01/2026,İzmir,3,POP ART,2,5.05,0.12233658733180029,0,0.8,0.0,0.0,0.44,0,0.0,0,56.0
18/01/2026,İzmir,3,RING RANG RONG,3,14.05,0.12251466189456578,0,0.7,0.0,0.0,0.26,0,0.0,0,58.0
18/01/2026,İzmir,3,FOOTSTEP,4,3.35,0.10282764767245413,0,0.7333333333333334,0.0,0.0,0.32,0,0.0,0,0.0
18/01/2026,İzmir,3,SKY CHARLIE,5,6.35,0.11269785601198296,0,0.6666666666666666,0.0,0.0,0.2,0,0.0,0,58.0
18/01/2026,İzmir,3,DUBLIN DREAM,6,11.3,0.06755092854764844,0,0.4,0.0,0.0,0.72,0,0.0,0,0.0
18/01/2026,İzmir,3,BAYAN JULIE,7,15.3,0.06697746963629429,0,0.3,0.0,0.0,0.54,0,0.0,0,0.0
18/01/2026,İzmir,3,YOU ARE BIG,8,9.6,0.07771052104326526,0,0.2,0.0,0.0,0.36,0,0.0,0,58.0
18/01/2026,İzmir,3,COME ON BABY,9,14.85,0.053824574093386306,0,0.1,0.0,0.0,0.18,0,0.0,0,0.0
18/01/2026,İzmir,3,QUEEN TUANA,0,0.0,0.07378392193985224,0,1.0,0.0,0.0,0.8,0,0.0,0,0.0
18/01/2026,İzmir,3,TOLPER,1,1.85,0.3730598958661607,1,0.9,1.0,1.0,0.2533333333333334,0,0.0,0,58.0
18/01/2026,İzmir,3,POP ART,2,5.05,0.12233658733180029,0,0.8,0.0,0.0,0.44,0,0.0,0,56.0
18/01/2026,İzmir,3,RING RANG RONG,3,14.05,0.12251466189456578,0,0.7,0.0,0.0,0.26,0,0.0,0,58.0
18/01/2026,İzmir,3,FOOTSTEP,4,3.35,0.10282764767245413,0,0.7333333333333334,0.0,0.0,0.32,0,0.0,0,0.0
18/01/2026,İzmir,3,SKY CHARLIE,5,6.35,0.11269785601198296,0,0.6666666666666666,0.0,0.0,0.2,0,0.0,0,58.0
18/01/2026,İzmir,3,DUBLIN DREAM,6,11.3,0.06755092854764844,0,0.4,0.0,0.0,0.72,0,0.0,0,0.0
18/01/2026,İzmir,3,BAYAN JULIE,7,15.3,0.06697746963629429,0,0.3,0.0,0.0,0.54,0,0.0,0,0.0
18/01/2026,İzmir,3,YOU ARE BIG,8,9.6,0.07771052104326526,0,0.2,0.0,0.0,0.36,0,0.0,0,58.0
18/01/2026,İzmir,3,COME ON BABY,9,14.85,0.053824574093386306,0,0.1,0.0,0.0,0.18,0,0.0,0,0.0
18/01/2026,İzmir,4,CANYAMAN,1,5.7,0.25742561202821296,1,0.76,0.75,0.42857142857142855,0.17300000000000013,0,0.0,39,52.0
18/01/2026,İzmir,4,RÜZGARSU,2,8.65,0.08294211584602436,0,0.5,0.0,0.0,0.9,5,0.0,45,55.0
18/01/2026,İzmir,4,TATARUŞAĞI,3,6.0,0.11275327881843976,0,0.5599999999999999,0.0,0.0,0.00799999999999983,5,0.0,36,0.0
18/01/2026,İzmir,4,KOĞ TEPESİ,4,27.15,0.11326464616455705,0,0.6,0.0,0.0,0.08,0,0.0,38,54.5
18/01/2026,İzmir,4,SERTTAYKUT,5,8.0,0.07401435332649782,0,0.48,0.0,0.0,0.8640000000000001,0,0.0,40,0.0
18/01/2026,İzmir,4,SUADİYE BEYİ,6,2.75,0.17584909000949303,0,0.48,0.2,0.16666666666666666,0.015555555555555428,5,0.0,49,58.0
18/01/2026,İzmir,4,ULU YAŞAR,7,16.05,0.07064612431291738,0,0.3,0.0,0.0,0.54,0,0.0,38,0.0
18/01/2026,İzmir,4,KAPTANPAŞALI,8,6.2,0.08445833299065249,0,0.375,0.0,0.0,0.675,0,0.0,42,56.5
18/01/2026,İzmir,4,DİLBERHATUN,9,18.4,0.1391983869537401,0,0.45999999999999996,0.2,0.14285714285714285,0.9961904761904762,5,0.0,36,0.0
18/01/2026,İzmir,4,BABY ARYA,10,7.75,0.06995590302153849,0,0.32,0.0,0.0,0.5760000000000001,5,0.0,44,57.5
18/01/2026,İzmir,4,TURGUT BEY,11,9.85,0.0846315919163509,0,0.4,0.0,0.0,0.72,0,0.0,38,0.0
18/01/2026,İzmir,4,ANADOLU MUHAFIZI,12,48.5,0.048715449533967135,0,0.08000000000000007,0.0,0.0,0.14400000000000013,0,0.0,34,0.0
18/01/2026,İzmir,4,CÖMERT TAY,13,14.85,0.2586230456963456,0,0.0,0.3333333333333333,0.2,0.24666666666666665,5,0.0,37,0.0
18/01/2026,İzmir,4,CANYAMAN,1,5.7,0.25742561202821296,1,0.76,0.75,0.42857142857142855,0.17300000000000013,0,0.0,39,52.0
18/01/2026,İzmir,4,RÜZGARSU,2,8.65,0.08294211584602436,0,0.5,0.0,0.0,0.9,5,0.0,45,55.0
18/01/2026,İzmir,4,TATARUŞAĞI,3,6.0,0.11275327881843976,0,0.5599999999999999,0.0,0.0,0.00799999999999983,5,0.0,36,0.0
18/01/2026,İzmir,4,KOĞ TEPESİ,4,27.15,0.11326464616455705,0,0.6,0.0,0.0,0.08,0,0.0,38,54.5
18/01/2026,İzmir,4,SERTTAYKUT,5,8.0,0.07401435332649782,0,0.48,0.0,0.0,0.8640000000000001,0,0.0,40,0.0
18/01/2026,İzmir,4,SUADİYE BEYİ,6,2.75,0.17584909000949303,0,0.48,0.2,0.16666666666666666,0.015555555555555428,5,0.0,49,58.0
18/01/2026,İzmir,4,ULU YAŞAR,7,16.05,0.07064612431291738,0,0.3,0.0,0.0,0.54,0,0.0,38,0.0
18/01/2026,İzmir,4,KAPTANPAŞALI,8,6.2,0.08445833299065249,0,0.375,0.0,0.0,0.675,0,0.0,42,56.5
18/01/2026,İzmir,4,DİLBERHATUN,9,18.4,0.1391983869537401,0,0.45999999999999996,0.2,0.14285714285714285,0.9961904761904762,5,0.0,36,0.0
18/01/2026,İzmir,4,BABY ARYA,10,7.75,0.06995590302153849,0,0.32,0.0,0.0,0.5760000000000001,5,0.0,44,57.5
18/01/2026,İzmir,4,TURGUT BEY,11,9.85,0.0846315919163509,0,0.4,0.0,0.0,0.72,0,0.0,38,0.0
18/01/2026,İzmir,4,ANADOLU MUHAFIZI,12,48.5,0.048715449533967135,0,0.08000000000000007,0.0,0.0,0.14400000000000013,0,0.0,34,0.0
18/01/2026,İzmir,4,CÖMERT TAY,13,14.85,0.2586230456963456,0,0.0,0.3333333333333333,0.2,0.24666666666666665,5,0.0,37,0.0
18/01/2026,İzmir,5,BEYAZIŞIK,1,1.55,0.28974214910159396,1,0.76,1.0,0.4090909090909091,0.6080000000000001,0,0.0,104,61.0
18/01/2026,İzmir,5,KAYAFATİH,2,21.8,0.23967491069148625,0,0.52,0.2857142857142857,0.27586206896551724,0.1247027914614121,5,0.0,99,61.0
18/01/2026,İzmir,5,RÜZGARDAHAN,3,4.15,0.2570225448661916,0,0.54,0.2857142857142857,0.2,0.222095238095238,0,0.0,101,61.0
18/01/2026,İzmir,5,KARİZMATİK,4,7.1,0.19262601038673344,0,0.4,0.23529411764705882,0.2222222222222222,0.8777342047930283,5,0.0,98,61.0
18/01/2026,İzmir,5,CANMETE,5,6.45,0.09931235265434456,0,0.5,0.0,0.1,0.8233333333333333,5,0.0,107,61.0
18/01/2026,İzmir,5,TAHSİN SEFA,6,32.2,0.12767777384367301,0,0.5,0.0,0.0,0.9,0,0.0,58,58.0
18/01/2026,İzmir,5,ERSANŞAH,7,11.0,0.14717156671297424,0,0.6599999999999999,0.0,0.25,0.9563333333333331,5,0.0,98,61.0
18/01/2026,İzmir,5,SON İZCİ,8,6.25,0.27788135165032196,0,0.55,0.5,0.5,0.3066666666666666,0,0.0,86,58.0
18/01/2026,İzmir,5,VARLIK EFESİ,9,19.5,0.0741349171775011,0,0.45999999999999996,0.0,0.16666666666666666,0.7068888888888887,5,0.0,84,61.0
18/01/2026,İzmir,5,İKİGAİ,10,47.45,0.12616574903967195,0,0.5599999999999999,0.0,0.2,0.8426666666666667,5,0.0,66,61.0
18/01/2026,İzmir,5,BEYAZIŞIK,1,1.55,0.28974214910159396,1,0.76,1.0,0.4090909090909091,0.6080000000000001,0,0.0,104,61.0
18/01/2026,İzmir,5,KAYAFATİH,2,21.8,0.23967491069148625,0,0.52,0.2857142857142857,0.27586206896551724,0.1247027914614121,5,0.0,99,61.0
18/01/2026,İzmir,5,RÜZGARDAHAN,3,4.15,0.2570225448661916,0,0.54,0.2857142857142857,0.2,0.222095238095238,0,0.0,101,61.0
18/01/2026,İzmir,5,KARİZMATİK,4,7.1,0.19262601038673344,0,0.4,0.23529411764705882,0.2222222222222222,0.8777342047930283,5,0.0,98,61.0
18/01/2026,İzmir,5,CANMETE,5,6.45,0.09931235265434456,0,0.5,0.0,0.1,0.8233333333333333,5,0.0,107,61.0
18/01/2026,İzmir,5,TAHSİN SEFA,6,32.2,0.12767777384367301,0,0.5,0.0,0.0,0.9,0,0.0,58,58.0
18/01/2026,İzmir,5,ERSANŞAH,7,11.0,0.14717156671297424,0,0.6599999999999999,0.0,0.25,0.9563333333333331,5,0.0,98,61.0
18/01/2026,İzmir,5,SON İZCİ,8,6.25,0.27788135165032196,0,0.55,0.5,0.5,0.3066666666666666,0,0.0,86,58.0
18/01/2026,İzmir,5,VARLIK EFESİ,9,19.5,0.0741349171775011,0,0.45999999999999996,0.0,0.16666666666666666,0.7068888888888887,5,0.0,84,61.0
18/01/2026,İzmir,5,İKİGAİ,10,47.45,0.12616574903967195,0,0.5599999999999999,0.0,0.2,0.8426666666666667,5,0.0,66,61.0
18/01/2026,İzmir,6,DROWZEE,1,2.7,0.4200984753214227,1,0.7,0.6,0.3333333333333333,0.897777777777778,0,0.0,96,61.0
18/01/2026,İzmir,6,BRAVE CHAMPİON,2,2.2,0.2361321132118334,0,0.52,0.3333333333333333,0.23076923076923078,0.2277948717948719,5,0.0,89,57.5
18/01/2026,İzmir,6,DISTANCE RUNNER,3,3.2,0.3437310439422436,0,0.7,0.6666666666666666,0.5,0.8433333333333332,5,0.0,80,0.0
18/01/2026,İzmir,6,BLAZE THUNDER,4,3.8,0.14833242850174497,0,0.6799999999999999,0.0,0.4,0.8453333333333333,0,0.0,89,57.5
18/01/2026,İzmir,6,BATMAN ÇOCUĞU,5,5.4,0.19917127632062234,0,0.72,0.125,0.25,0.25183333333333324,5,0.0,92,61.0
18/01/2026,İzmir,6,DROWZEE,1,2.7,0.4200984753214227,1,0.7,0.6,0.3333333333333333,0.897777777777778,0,0.0,96,61.0
18/01/2026,İzmir,6,BRAVE CHAMPİON,2,2.2,0.2361321132118334,0,0.52,0.3333333333333333,0.23076923076923078,0.2277948717948719,5,0.0,89,57.5
18/01/2026,İzmir,6,DISTANCE RUNNER,3,3.2,0.3437310439422436,0,0.7,0.6666666666666666,0.5,0.8433333333333332,5,0.0,80,0.0
18/01/2026,İzmir,6,BLAZE THUNDER,4,3.8,0.14833242850174497,0,0.6799999999999999,0.0,0.4,0.8453333333333333,0,0.0,89,57.5
18/01/2026,İzmir,6,BATMAN ÇOCUĞU,5,5.4,0.19917127632062234,0,0.72,0.125,0.25,0.25183333333333324,5,0.0,92,61.0
18/01/2026,İzmir,7,SECRET FLIGHT,0,0.0,0.10182021286456051,0,0.6799999999999999,0.0,0.0,0.22399999999999992,5,0.0,60,54.0
18/01/2026,İzmir,7,KIZILCAHAMAM BEYİ,1,1.2,0.45026440823041103,1,0.8,1.0,1.0,0.07333333333333343,5,0.0,82,0.0
18/01/2026,İzmir,7,ÇEPNİ,2,5.1,0.09516744789638842,0,0.6599999999999999,0.0,0.0,0.18799999999999983,0,0.0,46,0.0
18/01/2026,İzmir,7,NINE TREES,3,9.75,0.1253414186423727,0,0.7,0.0,0.0,0.26,0,0.0,54,0.0
18/01/2026,İzmir,7,KING AKIN,4,11.05,0.09791416705099669,0,0.6599999999999999,0.0,0.0,0.18799999999999983,5,0.0,48,0.0
18/01/2026,İzmir,7,RÜZGAR LİDER,5,9.3,0.09441150223229051,0,0.5,0.0,0.0,0.9,0,0.0,40,0.0
18/01/2026,İzmir,7,MAGIC BANK,6,3.65,0.1867408929866049,0,0.64,0.3333333333333333,0.14285714285714285,0.535809523809524,5,0.0,51,0.0
18/01/2026,İzmir,7,SECRET FLIGHT,0,0.0,0.10182021286456051,0,0.6799999999999999,0.0,0.0,0.22399999999999992,5,0.0,60,54.0
18/01/2026,İzmir,7,KIZILCAHAMAM BEYİ,1,1.2,0.45026440823041103,1,0.8,1.0,1.0,0.07333333333333343,5,0.0,82,0.0
18/01/2026,İzmir,7,ÇEPNİ,2,5.1,0.09516744789638842,0,0.6599999999999999,0.0,0.0,0.18799999999999983,0,0.0,46,0.0
18/01/2026,İzmir,7,NINE TREES,3,9.75,0.1253414186423727,0,0.7,0.0,0.0,0.26,0,0.0,54,0.0
18/01/2026,İzmir,7,KING AKIN,4,11.05,0.09791416705099669,0,0.6599999999999999,0.0,0.0,0.18799999999999983,5,0.0,48,0.0
18/01/2026,İzmir,7,RÜZGAR LİDER,5,9.3,0.09441150223229051,0,0.5,0.0,0.0,0.9,0,0.0,40,0.0
18/01/2026,İzmir,7,MAGIC BANK,6,3.65,0.1867408929866049,0,0.64,0.3333333333333333,0.14285714285714285,0.535809523809524,5,0.0,51,0.0
18/01/2026,İzmir,8,BER KEMAL,1,4.45,0.288733489400677,1,0.6799999999999999,0.75,0.5,0.9356666666666663,5,0.0,41,55.0
18/01/2026,İzmir,8,YARENYAR,2,4.45,0.16638199919480112,0,0.8,0.3333333333333333,0.07692307692307693,0.9246153846153843,0,0.0,41,58.0
18/01/2026,İzmir,8,RÜZGARTEPESİ,3,21.6,0.10201851217302442,0,0.3,0.0,0.11428571428571428,0.4752380952380952,5,0.0,50,59.5
18/01/2026,İzmir,8,ARLİNHAN,4,4.65,0.09138754327967168,0,0.44000000000000006,0.0,0.0,0.7920000000000001,0,0.0,46,60.5
18/01/2026,İzmir,8,ÖZGÜLEN GÜZELİ,5,9.0,0.09728348679691813,0,0.5,0.0,0.08333333333333333,0.8361111111111111,5,0.0,42,56.5
18/01/2026,İzmir,8,AL ŞEREF,6,8.55,0.057585650077562944,0,0.52,0.0,0.0,0.9359999999999999,5,0.0,30,0.0
18/01/2026,İzmir,8,ADANALI TAY,7,16.85,0.11233098218743093,0,0.42000000000000004,0.14285714285714285,0.1875,0.8158214285714286,5,0.0,49,59.0
18/01/2026,İzmir,8,KÜÇÜK ERCAN,8,28.15,0.061145335265695135,0,0.38,0.0,0.0625,0.6435833333333332,5,0.0,40,54.5
18/01/2026,İzmir,8,AĞAM URFALI,9,5.45,0.0784075668274999,0,0.32,0.0,0.0,0.5760000000000001,0,0.0,41,58.0
18/01/2026,İzmir,8,BABA CENGİZ,10,32.85,0.060160079894337276,0,0.25999999999999995,0.0,0.0,0.4679999999999998,0,0.0,34,0.0
18/01/2026,İzmir,8,ŞAL KIZI,11,15.5,0.06263680515520186,0,0.38,0.0,0.0,0.6839999999999999,5,0.0,39,54.0
18/01/2026,İzmir,8,AKYEL ABİ,12,5.6,0.18753139078772643,0,0.3,0.2,0.07317073170731707,0.7385365853658538,5,0.0,51,63.0
18/01/2026,İzmir,8,SERENCEBEY,13,21.2,0.051205862471862186,0,0.15999999999999998,0.0,0.0,0.2879999999999999,0,0.0,30,0.0
18/01/2026,İzmir,8,UFUKYELİ,14,24.9,0.061657356800379974,0,0.2,0.0,0.0,0.36,0,0.0,41,0.0
18/01/2026,İzmir,8,BER KEMAL,1,4.45,0.288733489400677,1,0.6799999999999999,0.75,0.5,0.9356666666666663,5,0.0,41,55.0
18/01/2026,İzmir,8,YARENYAR,2,4.45,0.16638199919480112,0,0.8,0.3333333333333333,0.07692307692307693,0.9246153846153843,0,0.0,41,58.0
18/01/2026,İzmir,8,RÜZGARTEPESİ,3,21.6,0.10201851217302442,0,0.3,0.0,0.11428571428571428,0.4752380952380952,5,0.0,50,59.5
18/01/2026,İzmir,8,ARLİNHAN,4,4.65,0.09138754327967168,0,0.44000000000000006,0.0,0.0,0.7920000000000001,0,0.0,46,60.5
18/01/2026,İzmir,8,ÖZGÜLEN GÜZELİ,5,9.0,0.09728348679691813,0,0.5,0.0,0.08333333333333333,0.8361111111111111,5,0.0,42,56.5
18/01/2026,İzmir,8,AL ŞEREF,6,8.55,0.057585650077562944,0,0.52,0.0,0.0,0.9359999999999999,5,0.0,30,0.0
18/01/2026,İzmir,8,ADANALI TAY,7,16.85,0.11233098218743093,0,0.42000000000000004,0.14285714285714285,0.1875,0.8158214285714286,5,0.0,49,59.0
18/01/2026,İzmir,8,KÜÇÜK ERCAN,8,28.15,0.061145335265695135,0,0.38,0.0,0.0625,0.6435833333333332,5,0.0,40,54.5
18/01/2026,İzmir,8,AĞAM URFALI,9,5.45,0.0784075668274999,0,0.32,0.0,0.0,0.5760000000000001,0,0.0,41,58.0
18/01/2026,İzmir,8,BABA CENGİZ,10,32.85,0.060160079894337276,0,0.25999999999999995,0.0,0.0,0.4679999999999998,0,0.0,34,0.0
18/01/2026,İzmir,8,ŞAL KIZI,11,15.5,0.06263680515520186,0,0.38,0.0,0.0,0.6839999999999999,5,0.0,39,54.0
18/01/2026,İzmir,8,AKYEL ABİ,12,5.6,0.18753139078772643,0,0.3,0.2,0.07317073170731707,0.7385365853658538,5,0.0,51,63.0
18/01/2026,İzmir,8,SERENCEBEY,13,21.2,0.051205862471862186,0,0.15999999999999998,0.0,0.0,0.2879999999999999,0,0.0,30,0.0
18/01/2026,İzmir,8,UFUKYELİ,14,24.9,0.061657356800379974,0,0.2,0.0,0.0,0.36,0,0.0,41,0.0
18/01/2026,Adana,1,EGENİN İNCİSİ,1,4.9,0.19428181097189387,1,0.74,0.4,0.3333333333333333,0.6524444444444447,5,0.0,29,54.0
18/01/2026,Adana,1,GÜLLÜ BAHÇE,2,4.9,0.09333362879493484,0,0.54,0.0,0.0,0.9720000000000002,5,0.0,24,58.0
18/01/2026,Adana,1,TERKEN HATUN,3,4.45,0.12082926547950158,0,0.32,0.0,0.0,0.5760000000000001,5,0.0,34,62.0
18/01/2026,Adana,1,VARTO ESİNTİSİ,4,62.7,0.06504967364889068,0,0.38,0.0,0.0,0.6839999999999999,5,0.0,7,58.0
18/01/2026,Adana,1,SUSAM,5,2.1,0.1276655890967767,0,0.6799999999999999,0.0,0.0,0.22399999999999992,5,0.0,36,61.0
18/01/2026,Adana,1,NEVŞAN HATUN,6,38.75,0.0854211778076403,0,0.32,0.0,0.0,0.5760000000000001,5,0.0,28,61.0
18/01/2026,Adana,1,GÜMÜŞ KARANFİL,7,3.3,0.0770932930340601,0,0.2333333333333333,0.0,0.0,0.42,0,0.0,0,0.0
18/01/2026,Adana,1,BİLGESULTAN,8,14.45,0.07812470008825916,0,0.25999999999999995,0.0,0.0,0.4679999999999998,5,0.0,28,58.0
18/01/2026,Adana,1,ÇUHA GÜLÜ,9,6.2,0.08930571416104537,0,0.3,0.0,0.0,0.54,5,0.0,32,60.0
18/01/2026,Adana,1,RODİGÜLÜ,10,21.0,0.07646794358510044,0,0.36,0.0,0.0,0.6479999999999998,5,0.0,28,60.0
18/01/2026,Adana,1,ÖZPAYCAN,11,100.55,0.029993695431086254,0,0.0,0.0,0.0,0.0,0,0.0,0,0.0
18/01/2026,Adana,1,BAHTINAZ,12,36.6,0.07066485822452162,0,0.0,0.0,0.0,0.0,5,0.0,7,58.0
18/01/2026,Adana,1,GÜZEL ASMİN,13,60.95,0.032930712314602685,0,0.0,0.0,0.0,0.0,3,0.0,0,54.0
18/01/2026,Adana,1,EGENİN İNCİSİ,1,4.9,0.19428181097189387,1,0.74,0.4,0.3333333333333333,0.6524444444444447,5,0.0,29,54.0
18/01/2026,Adana,1,GÜLLÜ BAHÇE,2,4.9,0.09333362879493484,0,0.54,0.0,0.0,0.9720000000000002,5,0.0,24,58.0
18/01/2026,Adana,1,TERKEN HATUN,3,4.45,0.12082926547950158,0,0.32,0.0,0.0,0.5760000000000001,5,0.0,34,62.0
18/01/2026,Adana,1,VARTO ESİNTİSİ,4,62.7,0.06504967364889068,0,0.38,0.0,0.0,0.6839999999999999,5,0.0,7,58.0
18/01/2026,Adana,1,SUSAM,5,2.1,0.1276655890967767,0,0.6799999999999999,0.0,0.0,0.22399999999999992,5,0.0,36,61.0
18/01/2026,Adana,1,NEVŞAN HATUN,6,38.75,0.0854211778076403,0,0.32,0.0,0.0,0.5760000000000001,5,0.0,28,61.0
18/01/2026,Adana,1,GÜMÜŞ KARANFİL,7,3.3,0.0770932930340601,0,0.2333333333333333,0.0,0.0,0.42,0,0.0,0,0.0
18/01/2026,Adana,1,BİLGESULTAN,8,14.45,0.07812470008825916,0,0.25999999999999995,0.0,0.0,0.4679999999999998,5,0.0,28,58.0
18/01/2026,Adana,1,ÇUHA GÜLÜ,9,6.2,0.08930571416104537,0,0.3,0.0,0.0,0.54,5,0.0,32,60.0
18/01/2026,Adana,1,RODİGÜLÜ,10,21.0,0.07646794358510044,0,0.36,0.0,0.0,0.6479999999999998,5,0.0,28,60.0
18/01/2026,Adana,1,ÖZPAYCAN,11,100.55,0.029993695431086254,0,0.0,0.0,0.0,0.0,0,0.0,0,0.0
18/01/2026,Adana,1,BAHTINAZ,12,36.6,0.07066485822452162,0,0.0,0.0,0.0,0.0,5,0.0,7,58.0
18/01/2026,Adana,1,GÜZEL ASMİN,13,60.95,0.032930712314602685,0,0.0,0.0,0.0,0.0,3,0.0,0,54.0
18/01/2026,Adana,2,BACK TO GLORY,1,2.25,0.4487312490204966,1,0.9,1.0,1.0,0.2533333333333334,0,0.0,41,56.0
18/01/2026,Adana,2,SHADOW SOLDIER,2,2.0,0.11116937326803582,0,0.8,0.0,0.0,0.44,0,0.0,56,61.0
18/01/2026,Adana,2,ORIRI,3,3.8,0.23513883883910133,0,0.78,0.5,0.4,0.8253333333333336,0,0.0,48,58.0
18/01/2026,Adana,2,AZP STAR,4,4.5,0.19350840412448278,0,0.7,0.25,0.16666666666666666,0.49888888888888855,5,0.0,51,60.0
18/01/2026,Adana,2,BORGA,5,34.15,0.06343643988224197,0,0.35,0.0,0.0,0.63,5,0.0,25,0.0
18/01/2026,Adana,2,GOLDEN REIGN,6,11.15,0.08500681322278529,0,0.34,0.0,0.2222222222222222,0.4771851851851854,5,0.0,41,0.0
18/01/2026,Adana,2,LADY NİSANUR,7,30.15,0.08696819939386197,0,0.45999999999999996,0.0,0.0,0.8279999999999998,5,0.0,37,0.0
18/01/2026,Adana,2,BACK TO GLORY,1,2.25,0.4487312490204966,1,0.9,1.0,1.0,0.2533333333333334,0,0.0,41,56.0
18/01/2026,Adana,2,SHADOW SOLDIER,2,2.0,0.11116937326803582,0,0.8,0.0,0.0,0.44,0,0.0,56,61.0
18/01/2026,Adana,2,ORIRI,3,3.8,0.23513883883910133,0,0.78,0.5,0.4,0.8253333333333336,0,0.0,48,58.0
18/01/2026,Adana,2,AZP STAR,4,4.5,0.19350840412448278,0,0.7,0.25,0.16666666666666666,0.49888888888888855,5,0.0,51,60.0
18/01/2026,Adana,2,BORGA,5,34.15,0.06343643988224197,0,0.35,0.0,0.0,0.63,5,0.0,25,0.0
18/01/2026,Adana,2,GOLDEN REIGN,6,11.15,0.08500681322278529,0,0.34,0.0,0.2222222222222222,0.4771851851851854,5,0.0,41,0.0
18/01/2026,Adana,2,LADY NİSANUR,7,30.15,0.08696819939386197,0,0.45999999999999996,0.0,0.0,0.8279999999999998,5,0.0,37,0.0
18/01/2026,Adana,3,GÖKÇEKRALİÇE,1,8.25,0.21419049270730497,1,0.78,0.5,0.3333333333333333,0.8951111111111115,5,0.0,30,58.0
18/01/2026,Adana,3,AY FERİDE,2,1.55,0.12153648004374097,0,0.5599999999999999,0.0,0.0,0.00799999999999983,0,0.0,31,58.0
18/01/2026,Adana,3,UZUN YAZ,3,20.35,0.07534116391766911,0,0.5599999999999999,0.0,0.0,0.00799999999999983,5,0.0,20,0.0
18/01/2026,Adana,3,PELŞİN,4,17.8,0.11320137107657473,0,0.6,0.0,0.0,0.08,5,0.0,29,60.0
18/01/2026,Adana,3,ZEMHERİ AY,5,5.1,0.05859867472968219,0,0.5,0.0,0.0,0.9,0,0.0,28,0.0
18/01/2026,Adana,3,ELMAPINAR,6,9.95,0.08242254220547458,0,0.52,0.0,0.0,0.9359999999999999,5,0.0,31,58.0
18/01/2026,Adana,3,UĞUR MELEĞİ,7,4.0,0.09745066241418905,0,0.6799999999999999,0.0,0.0,0.22399999999999992,5,0.0,26,58.0
18/01/2026,Adana,3,GÖKNAZ ECE,8,43.05,0.03401168644853589,0,0.1,0.0,0.0,0.18,5,0.0,7,54.0
18/01/2026,Adana,3,SEMİRAMİS,9,29.05,0.052609747260769314,0,0.1,0.0,0.0,0.18,5,0.0,21,0.0
18/01/2026,Adana,3,SOSAN TAY,10,26.8,0.06413167559976236,0,0.019999999999999928,0.0,0.0,0.03599999999999987,5,0.0,22,58.0
18/01/2026,Adana,3,UMUDUN DÜNYASI,11,20.9,0.077369162283928,0,0.0,0.0,0.0,0.0,0,0.0,27,58.0
18/01/2026,Adana,3,ÇEVİK DENİZ,12,35.35,0.03220304721482143,0,0.1,0.0,0.0,0.18,5,0.0,16,0.0
18/01/2026,Adana,3,GÖKÇEKRALİÇE,1,8.25,0.21419049270730497,1,0.78,0.5,0.3333333333333333,0.8951111111111115,5,0.0,30,58.0
18/01/2026,Adana,3,AY FERİDE,2,1.55,0.12153648004374097,0,0.5599999999999999,0.0,0.0,0.00799999999999983,0,0.0,31,58.0
18/01/2026,Adana,3,UZUN YAZ,3,20.35,0.07534116391766911,0,0.5599999999999999,0.0,0.0,0.00799999999999983,5,0.0,20,0.0
18/01/2026,Adana,3,PELŞİN,4,17.8,0.11320137107657473,0,0.6,0.0,0.0,0.08,5,0.0,29,60.0
18/01/2026,Adana,3,ZEMHERİ AY,5,5.1,0.05859867472968219,0,0.5,0.0,0.0,0.9,0,0.0,28,0.0
18/01/2026,Adana,3,ELMAPINAR,6,9.95,0.08242254220547458,0,0.52,0.0,0.0,0.9359999999999999,5,0.0,31,58.0
18/01/2026,Adana,3,UĞUR MELEĞİ,7,4.0,0.09745066241418905,0,0.6799999999999999,0.0,0.0,0.22399999999999992,5,0.0,26,58.0
18/01/2026,Adana,3,GÖKNAZ ECE,8,43.05,0.03401168644853589,0,0.1,0.0,0.0,0.18,5,0.0,7,54.0
18/01/2026,Adana,3,SEMİRAMİS,9,29.05,0.052609747260769314,0,0.1,0.0,0.0,0.18,5,0.0,21,0.0
18/01/2026,Adana,3,SOSAN TAY,10,26.8,0.06413167559976236,0,0.019999999999999928,0.0,0.0,0.03599999999999987,5,0.0,22,58.0
18/01/2026,Adana,3,UMUDUN DÜNYASI,11,20.9,0.077369162283928,0,0.0,0.0,0.0,0.0,0,0.0,27,58.0
18/01/2026,Adana,3,ÇEVİK DENİZ,12,35.35,0.03220304721482143,0,0.1,0.0,0.0,0.18,5,0.0,16,0.0
18/01/2026,Adana,4,PRINCIPESSA NİLO,1,1.95,0.3431841732174694,1,0.82,0.6,0.5,0.9646666666666665,5,0.0,54,0.0
18/01/2026,Adana,4,ONE PAGE,2,6.3,0.13695194538393363,0,0.8,0.0,0.2,0.2266666666666667,5,0.0,59,57.0
18/01/2026,Adana,4,STAR GATE,3,8.2,0.19171399299029512,0,0.6599999999999999,0.25,0.14285714285714285,0.4456190476190477,5,0.0,56,0.0
18/01/2026,Adana,4,MİA STAR,4,8.55,0.17941070520803373,0,0.72,0.3333333333333333,0.14285714285714285,0.6950476190476189,5,0.0,71,63.0
18/01/2026,Adana,4,TEK NERGİZ,5,13.25,0.09511586568865567,0,0.54,0.0,0.11764705882352941,0.8770980392156865,0,0.0,61,56.0
18/01/2026,Adana,4,DOROTHY GALE,6,9.85,0.11518549403403107,0,0.6,0.0,0.3,0.82,5,0.0,71,63.0
18/01/2026,Adana,4,FIRE OF DARKNESS,7,30.9,0.08705519421199757,0,0.76,0.0,0.13333333333333333,0.231111111111111,5,0.0,47,0.0
18/01/2026,Adana,4,FELIX PERLA,8,4.4,0.1261238683318337,0,0.3333333333333333,0.0,0.0,0.6,0,0.0,69,62.0
18/01/2026,Adana,4,COOL OPERATOR,9,4.3,0.12876570159925133,0,0.7,0.0,0.2222222222222222,0.045185185185185335,0,0.0,56,0.0
18/01/2026,Adana,4,PRINCIPESSA NİLO,1,1.95,0.3431841732174694,1,0.82,0.6,0.5,0.9646666666666665,5,0.0,54,0.0
18/01/2026,Adana,4,ONE PAGE,2,6.3,0.13695194538393363,0,0.8,0.0,0.2,0.2266666666666667,5,0.0,59,57.0
18/01/2026,Adana,4,STAR GATE,3,8.2,0.19171399299029512,0,0.6599999999999999,0.25,0.14285714285714285,0.4456190476190477,5,0.0,56,0.0
18/01/2026,Adana,4,MİA STAR,4,8.55,0.17941070520803373,0,0.72,0.3333333333333333,0.14285714285714285,0.6950476190476189,5,0.0,71,63.0
18/01/2026,Adana,4,TEK NERGİZ,5,13.25,0.09511586568865567,0,0.54,0.0,0.11764705882352941,0.8770980392156865,0,0.0,61,56.0
18/01/2026,Adana,4,DOROTHY GALE,6,9.85,0.11518549403403107,0,0.6,0.0,0.3,0.82,5,0.0,71,63.0
18/01/2026,Adana,4,FIRE OF DARKNESS,7,30.9,0.08705519421199757,0,0.76,0.0,0.13333333333333333,0.231111111111111,5,0.0,47,0.0
18/01/2026,Adana,4,FELIX PERLA,8,4.4,0.1261238683318337,0,0.3333333333333333,0.0,0.0,0.6,0,0.0,69,62.0
18/01/2026,Adana,4,COOL OPERATOR,9,4.3,0.12876570159925133,0,0.7,0.0,0.2222222222222222,0.045185185185185335,0,0.0,56,0.0
18/01/2026,Adana,5,TUNÇDAĞ,1,2.65,0.19899822167512207,1,0.4,0.4,0.25,0.07333333333333329,0,0.0,97,0.0
18/01/2026,Adana,5,YUTANGİRDAP,2,24.4,0.07671318790739919,0,0.32,0.0,0.06896551724137931,0.5355402298850575,2,0.0,74,58.0
18/01/2026,Adana,5,İLKAYOĞLU,3,16.65,0.15565712799042106,0,0.58,0.5,0.1111111111111111,0.6899259259259258,0,0.0,74,57.0
18/01/2026,Adana,5,SEHHAR,4,2.25,0.11656506173930015,0,0.42000000000000004,0.0,0.22727272727272727,0.599939393939394,5,0.0,81,57.0
18/01/2026,Adana,5,MEHMETOĞLU,5,3.05,0.2287800255348229,0,0.72,0.5,0.3,0.8099999999999997,5,0.0,80,60.0
18/01/2026,Adana,5,ARAPÇELİK,6,13.25,0.15852554990880585,0,0.58,0.1,0.09523809523809523,0.11136507936507925,0,0.0,74,60.0
18/01/2026,Adana,5,BÜYÜK YÜREKLİ,7,5.6,0.1659413827751642,0,0.5599999999999999,0.2,0.125,0.19666666666666643,0,0.0,83,57.0
18/01/2026,Adana,5,TEKKURŞUN,8,19.6,0.07633328065484106,0,0.27999999999999997,0.0,0.2,0.3946666666666666,5,0.0,67,61.0
18/01/2026,Adana,5,MENEMEN,9,26.3,0.13167798711775722,0,0.7,0.0,0.25,0.018333333333333285,5,0.0,50,0.0
18/01/2026,Adana,6,HALLELUKA,1,1.65,0.20563791369789328,1,0.62,0.16666666666666666,0.125,0.25850000000000006,5,0.0,95,0.0
18/01/2026,Adana,6,ALTINSİMA,2,3.6,0.15403584387484806,0,0.6599999999999999,0.2857142857142857,0.07142857142857142,0.5675238095238092,5,0.0,100,0.0
18/01/2026,Adana,6,TYWIN LANNISTER,3,10.05,0.1347766636388993,0,0.74,0.0,0.0,0.3320000000000002,0,0.0,76,0.0
18/01/2026,Adana,6,BLACK PABLO,4,2.4,0.14692630340601023,0,0.8,0.0,0.5,0.9066666666666667,0,0.0,94,0.0
18/01/2026,Adana,6,LOVİBOND,5,5.25,0.1922094884689565,0,0.55,0.5,0.25,0.5108333333333335,0,0.0,84,0.0
18/01/2026,Adana,7,SÜPER EFE,1,8.4,0.208399882313251,1,0.65,1.0,0.5,0.2616666666666669,5,0.0,39,56.5
18/01/2026,Adana,7,WOLF ŞAHİN,2,2.35,0.2677456002144801,0,0.85,0.5,0.5,0.8466666666666666,0,0.0,40,57.0
18/01/2026,Adana,7,DOUBLE WORLD,3,6.55,0.11590299730355436,0,0.7,0.0,0.0,0.26,5,0.0,41,0.0
18/01/2026,Adana,7,ASPENDİP,4,2.0,0.27068902695415986,0,0.7,0.3333333333333333,0.3333333333333333,0.4711111111111114,0,0.0,43,58.5
18/01/2026,Adana,7,MYTHWAKE,5,4.4,0.11324712222426507,0,0.5,0.0,0.0,0.9,0,0.0,45,59.5
18/01/2026,Adana,7,MERT KHAN,6,17.75,0.07962683285989236,0,0.25,0.0,0.0,0.45,5,0.0,43,56.5
18/01/2026,Adana,7,FRÜHLİNG,7,8.95,0.1077194655094097,0,0.3,0.0,0.0,0.54,0,0.0,46,57.0
17/01/2026,İstanbul,1,GOOSEBUMBS,1,1.8,0.4146744588484467,1,0.85,1.0,1.0,0.16333333333333344,5,0.0,46,58.0
17/01/2026,İstanbul,1,ANGEL OF TIME,2,4.9,0.12474351491768558,0,0.8,0.0,0.0,0.44,5,0.0,44,59.0
17/01/2026,İstanbul,1,ERULİNA,3,3.4,0.09875251897217585,0,0.72,0.0,0.0,0.29599999999999965,5,0.0,44,59.0
17/01/2026,İstanbul,1,BOLD STEPS,4,26.05,0.08968373604587732,0,0.52,0.0,0.0,0.9359999999999999,5,0.0,43,58.5
17/01/2026,İstanbul,1,SMOOTH CRIMINAL,5,14.55,0.14173377593093375,0,0.6,0.2,0.0,0.38,5,0.0,39,56.5
17/01/2026,İstanbul,1,ANGEL KISS,6,24.2,0.05384406179595242,0,0.4,0.0,0.0,0.72,5,0.0,32,53.0
17/01/2026,İstanbul,1,YEL ANA,7,100.25,0.036120501376761434,0,0.225,0.0,0.0,0.405,5,0.0,14,0.0
17/01/2026,İstanbul,1,WEEPING SONG,8,2.7,0.11645907866700778,0,0.2,0.0,0.0,0.36,5,0.0,45,59.5
17/01/2026,İstanbul,1,GOOSEBUMBS,1,1.8,0.4146744588484467,1,0.85,1.0,1.0,0.16333333333333344,5,0.0,46,58.0
17/01/2026,İstanbul,1,ANGEL OF TIME,2,4.9,0.12474351491768558,0,0.8,0.0,0.0,0.44,5,0.0,44,59.0
17/01/2026,İstanbul,1,ERULİNA,3,3.4,0.09875251897217585,0,0.72,0.0,0.0,0.29599999999999965,5,0.0,44,59.0
17/01/2026,İstanbul,1,BOLD STEPS,4,26.05,0.08968373604587732,0,0.52,0.0,0.0,0.9359999999999999,5,0.0,43,58.5
17/01/2026,İstanbul,1,SMOOTH CRIMINAL,5,14.55,0.14173377593093375,0,0.6,0.2,0.0,0.38,5,0.0,39,56.5
17/01/2026,İstanbul,1,ANGEL KISS,6,24.2,0.05384406179595242,0,0.4,0.0,0.0,0.72,5,0.0,32,53.0
17/01/2026,İstanbul,1,YEL ANA,7,100.25,0.036120501376761434,0,0.225,0.0,0.0,0.405,5,0.0,14,0.0
17/01/2026,İstanbul,1,WEEPING SONG,8,2.7,0.11645907866700778,0,0.2,0.0,0.0,0.36,5,0.0,45,59.5
17/01/2026,İstanbul,1,GOOSEBUMBS,1,1.8,0.4146744588484467,1,0.85,1.0,1.0,0.16333333333333344,5,0.0,46,58.0
17/01/2026,İstanbul,1,ANGEL OF TIME,2,4.9,0.12474351491768558,0,0.8,0.0,0.0,0.44,5,0.0,44,59.0
17/01/2026,İstanbul,1,ERULİNA,3,3.4,0.09875251897217585,0,0.72,0.0,0.0,0.29599999999999965,5,0.0,44,59.0
17/01/2026,İstanbul,1,BOLD STEPS,4,26.05,0.08968373604587732,0,0.52,0.0,0.0,0.9359999999999999,5,0.0,43,58.5
17/01/2026,İstanbul,1,SMOOTH CRIMINAL,5,14.55,0.14173377593093375,0,0.6,0.2,0.0,0.38,5,0.0,39,56.5
17/01/2026,İstanbul,1,ANGEL KISS,6,24.2,0.05384406179595242,0,0.4,0.0,0.0,0.72,5,0.0,32,53.0
17/01/2026,İstanbul,1,YEL ANA,7,100.25,0.036120501376761434,0,0.225,0.0,0.0,0.405,5,0.0,14,0.0
17/01/2026,İstanbul,1,WEEPING SONG,8,2.7,0.11645907866700778,0,0.2,0.0,0.0,0.36,5,0.0,45,59.5
17/01/2026,İstanbul,2,BY TÜRKOĞLU,1,2.65,0.2679965917490214,1,0.7666666666666666,0.6666666666666666,1.0,0.45777777777777773,5,0.0,71,0.0
17/01/2026,İstanbul,2,ATİLLABEY,2,7.95,0.11014281540421851,0,0.6333333333333334,0.0,0.0,0.14,5,0.0,69,0.0
17/01/2026,İstanbul,2,ALMUTANABİY,3,28.15,0.07903892310484446,0,0.475,0.0,0.0,0.855,5,0.0,57,54.0
17/01/2026,İstanbul,2,KORKUTELİ BEYİ,4,7.5,0.10504792491803285,0,0.65,0.0,0.0,0.17,5,0.0,56,0.0
17/01/2026,İstanbul,2,KRAL SULTAN,5,4.15,0.10818819957836617,0,0.5,0.0,0.0,0.9,5,0.0,84,0.0
17/01/2026,İstanbul,2,CEMHAN,6,1.7,0.08901558927657993,0,0.575,0.0,0.0,0.035,5,0.0,63,0.0
17/01/2026,İstanbul,2,TİMBİRBİKE,7,23.8,0.07157346075742234,0,0.3,0.0,0.0,0.54,5,0.0,61,0.0
17/01/2026,İstanbul,2,YER TİTRETEN,8,19.15,0.11560687852444412,0,0.44000000000000006,0.3333333333333333,0.0,0.2386666666666669,5,0.0,36,0.0
17/01/2026,İstanbul,2,BY TÜRKOĞLU,1,2.65,0.2679965917490214,1,0.7666666666666666,0.6666666666666666,1.0,0.45777777777777773,5,0.0,71,0.0
17/01/2026,İstanbul,2,ATİLLABEY,2,7.95,0.11014281540421851,0,0.6333333333333334,0.0,0.0,0.14,5,0.0,69,0.0
17/01/2026,İstanbul,2,ALMUTANABİY,3,28.15,0.07903892310484446,0,0.475,0.0,0.0,0.855,5,0.0,57,54.0
17/01/2026,İstanbul,2,KORKUTELİ BEYİ,4,7.5,0.10504792491803285,0,0.65,0.0,0.0,0.17,5,0.0,56,0.0
17/01/2026,İstanbul,2,KRAL SULTAN,5,4.15,0.10818819957836617,0,0.5,0.0,0.0,0.9,5,0.0,84,0.0
17/01/2026,İstanbul,2,CEMHAN,6,1.7,0.08901558927657993,0,0.575,0.0,0.0,0.035,5,0.0,63,0.0
17/01/2026,İstanbul,2,TİMBİRBİKE,7,23.8,0.07157346075742234,0,0.3,0.0,0.0,0.54,5,0.0,61,0.0
17/01/2026,İstanbul,2,YER TİTRETEN,8,19.15,0.11560687852444412,0,0.44000000000000006,0.3333333333333333,0.0,0.2386666666666669,5,0.0,36,0.0
17/01/2026,İstanbul,3,DARWIN,1,9.75,0.29919085092600634,1,0.76,1.0,0.6666666666666666,0.34355555555555584,5,0.0,38,0.0
17/01/2026,İstanbul,3,SERİNTEPE,2,8.5,0.10638399233329737,0,0.7,0.0,0.0,0.26,5,0.0,42,56.5
17/01/2026,İstanbul,3,BAŞ FEDAİ,3,38.45,0.0808577784071454,0,0.62,0.0,0.0,0.11599999999999994,5,0.0,38,0.0
17/01/2026,İstanbul,3,AKGÜN AĞA,4,7.6,0.09662097746613103,0,0.5599999999999999,0.0,0.0,0.00799999999999983,5,0.0,49,58.0
17/01/2026,İstanbul,3,GÜZELCE HİSAR,5,2.0,0.37527559294125473,0,0.74,0.3333333333333333,0.5,0.3753333333333333,5,0.0,46,58.5
17/01/2026,İstanbul,3,BÜYÜKSULTAN,6,3.55,0.07142181882883354,0,0.35,0.0,0.0,0.63,5,0.0,41,56.0
17/01/2026,İstanbul,3,KAPTAN ARAS,7,39.9,0.12496388891810405,0,0.54,0.16666666666666666,0.0,0.21200000000000016,5,0.0,38,0.0
17/01/2026,İstanbul,3,KIR PAPATYASI,8,10.05,0.0926197146344792,0,0.42000000000000004,0.0,0.0,0.7560000000000001,5,0.0,48,57.5
17/01/2026,İstanbul,3,GÜRCEYHUN,9,5.0,0.07297959822686008,0,0.35,0.0,0.0,0.63,5,0.0,42,56.5
17/01/2026,İstanbul,3,EFSUNHATUN,10,18.0,0.06073947836572996,0,0.45999999999999996,0.0,0.0,0.8279999999999998,5,0.0,38,54.5
17/01/2026,İstanbul,3,ATARTAY,11,20.7,0.08150665360547359,0,0.18000000000000008,0.0,0.0,0.3240000000000001,5,0.0,39,55.0
17/01/2026,İstanbul,3,DARWIN,1,9.75,0.29919085092600634,1,0.76,1.0,0.6666666666666666,0.34355555555555584,5,0.0,38,0.0
17/01/2026,İstanbul,3,SERİNTEPE,2,8.5,0.10638399233329737,0,0.7,0.0,0.0,0.26,5,0.0,42,56.5
17/01/2026,İstanbul,3,BAŞ FEDAİ,3,38.45,0.0808577784071454,0,0.62,0.0,0.0,0.11599999999999994,5,0.0,38,0.0
17/01/2026,İstanbul,3,AKGÜN AĞA,4,7.6,0.09662097746613103,0,0.5599999999999999,0.0,0.0,0.00799999999999983,5,0.0,49,58.0
17/01/2026,İstanbul,3,GÜZELCE HİSAR,5,2.0,0.37527559294125473,0,0.74,0.3333333333333333,0.5,0.3753333333333333,5,0.0,46,58.5
17/01/2026,İstanbul,3,BÜYÜKSULTAN,6,3.55,0.07142181882883354,0,0.35,0.0,0.0,0.63,5,0.0,41,56.0
17/01/2026,İstanbul,3,KAPTAN ARAS,7,39.9,0.12496388891810405,0,0.54,0.16666666666666666,0.0,0.21200000000000016,5,0.0,38,0.0
17/01/2026,İstanbul,3,KIR PAPATYASI,8,10.05,0.0926197146344792,0,0.42000000000000004,0.0,0.0,0.7560000000000001,5,0.0,48,57.5
17/01/2026,İstanbul,3,GÜRCEYHUN,9,5.0,0.07297959822686008,0,0.35,0.0,0.0,0.63,5,0.0,42,56.5
17/01/2026,İstanbul,3,EFSUNHATUN,10,18.0,0.06073947836572996,0,0.45999999999999996,0.0,0.0,0.8279999999999998,5,0.0,38,54.5
17/01/2026,İstanbul,3,ATARTAY,11,20.7,0.08150665360547359,0,0.18000000000000008,0.0,0.0,0.3240000000000001,5,0.0,39,55.0
17/01/2026,İstanbul,4,AMMAYAMAN,1,3.75,0.4516189148563023,1,0.725,1.0,1.0,0.9383333333333335,5,0.0,41,0.0
17/01/2026,İstanbul,4,WAITING A SUNNYDAY,2,6.45,0.07404519421470764,0,0.7,0.0,0.0,0.26,5,0.0,41,0.0
17/01/2026,İstanbul,4,SWORD OF HONOUR,3,18.3,0.06538248480865735,0,0.54,0.0,0.0,0.9720000000000002,5,0.0,42,0.0
17/01/2026,İstanbul,4,SİAN,4,11.9,0.19801222909071067,0,0.44000000000000006,0.6,0.25,0.4193333333333334,5,0.0,71,62.0
17/01/2026,İstanbul,4,GÖKDOĞAN,5,6.1,0.11335422790867206,0,0.6799999999999999,0.0,0.0,0.22399999999999992,5,0.0,65,60.0
17/01/2026,İstanbul,4,SKYDIVE,6,51.05,0.09494822554951854,0,0.6599999999999999,0.0,0.0,0.18799999999999983,5,0.0,47,0.0
17/01/2026,İstanbul,4,CELEBRIMBOR,7,3.6,0.05622797746980649,0,0.48,0.0,0.0,0.8640000000000001,5,0.0,39,0.0
17/01/2026,İstanbul,4,KYLIE VOM ELBE,8,13.35,0.07854783574702782,0,0.34,0.0,0.0,0.6120000000000002,5,0.0,50,0.0
17/01/2026,İstanbul,4,RUN FOR CAN,9,5.75,0.062415879070768454,0,0.3,0.0,0.0,0.54,5,0.0,38,0.0
17/01/2026,İstanbul,4,I AM INVINCIBLE,10,74.95,0.027696150857711016,0,0.0,0.0,0.0,0.0,5,0.0,6,0.0
17/01/2026,İstanbul,4,HITMAN,11,41.2,0.06902232998995311,0,0.45999999999999996,0.0,0.0,0.8279999999999998,5,0.0,50,0.0
17/01/2026,İstanbul,4,BEBEĞİM OLDUN,12,57.1,0.05596189295215812,0,0.34,0.0,0.0,0.6120000000000002,5,0.0,40,0.0
17/01/2026,İstanbul,4,BIG GAMBLE,13,64.9,0.07193248797339692,0,0.44000000000000006,0.0,0.0,0.7920000000000001,5,0.0,54,51.5
17/01/2026,İstanbul,4,FILIUS VENTUS,14,31.45,0.08468181997271856,0,0.6,0.0,0.0,0.08,5,0.0,50,0.0
17/01/2026,İstanbul,4,ARASIN ASLANI,15,19.0,0.12843786121267,0,0.58,0.0,0.2857142857142857,0.802095238095238,5,0.0,71,61.0
17/01/2026,İstanbul,4,FIREWOOD,16,6.4,0.057885451790959365,0,0.0,0.0,0.0,0.0,5,0.0,59,0.0
17/01/2026,İstanbul,4,CREATIVE GIRL,17,5.75,0.08073344049420335,0,0.15999999999999998,0.0,0.0,0.2879999999999999,5,0.0,59,0.0
17/01/2026,İstanbul,4,AMMAYAMAN,1,3.75,0.4516189148563023,1,0.725,1.0,1.0,0.9383333333333335,5,0.0,41,0.0
17/01/2026,İstanbul,4,WAITING A SUNNYDAY,2,6.45,0.07404519421470764,0,0.7,0.0,0.0,0.26,5,0.0,41,0.0
17/01/2026,İstanbul,4,SWORD OF HONOUR,3,18.3,0.06538248480865735,0,0.54,0.0,0.0,0.9720000000000002,5,0.0,42,0.0
17/01/2026,İstanbul,4,SİAN,4,11.9,0.19801222909071067,0,0.44000000000000006,0.6,0.25,0.4193333333333334,5,0.0,71,62.0
17/01/2026,İstanbul,4,GÖKDOĞAN,5,6.1,0.11335422790867206,0,0.6799999999999999,0.0,0.0,0.22399999999999992,5,0.0,65,60.0
17/01/2026,İstanbul,4,SKYDIVE,6,51.05,0.09494822554951854,0,0.6599999999999999,0.0,0.0,0.18799999999999983,5,0.0,47,0.0
17/01/2026,İstanbul,4,CELEBRIMBOR,7,3.6,0.05622797746980649,0,0.48,0.0,0.0,0.8640000000000001,5,0.0,39,0.0
17/01/2026,İstanbul,4,KYLIE VOM ELBE,8,13.35,0.07854783574702782,0,0.34,0.0,0.0,0.6120000000000002,5,0.0,50,0.0
17/01/2026,İstanbul,4,RUN FOR CAN,9,5.75,0.062415879070768454,0,0.3,0.0,0.0,0.54,5,0.0,38,0.0
17/01/2026,İstanbul,4,I AM INVINCIBLE,10,74.95,0.027696150857711016,0,0.0,0.0,0.0,0.0,5,0.0,6,0.0
17/01/2026,İstanbul,4,HITMAN,11,41.2,0.06902232998995311,0,0.45999999999999996,0.0,0.0,0.8279999999999998,5,0.0,50,0.0
17/01/2026,İstanbul,4,BEBEĞİM OLDUN,12,57.1,0.05596189295215812,0,0.34,0.0,0.0,0.6120000000000002,5,0.0,40,0.0
17/01/2026,İstanbul,4,BIG GAMBLE,13,64.9,0.07193248797339692,0,0.44000000000000006,0.0,0.0,0.7920000000000001,5,0.0,54,51.5
17/01/2026,İstanbul,4,FILIUS VENTUS,14,31.45,0.08468181997271856,0,0.6,0.0,0.0,0.08,5,0.0,50,0.0
17/01/2026,İstanbul,4,ARASIN ASLANI,15,19.0,0.12843786121267,0,0.58,0.0,0.2857142857142857,0.802095238095238,5,0.0,71,61.0
17/01/2026,İstanbul,4,FIREWOOD,16,6.4,0.057885451790959365,0,0.0,0.0,0.0,0.0,5,0.0,59,0.0
17/01/2026,İstanbul,4,CREATIVE GIRL,17,5.75,0.08073344049420335,0,0.15999999999999998,0.0,0.0,0.2879999999999999,5,0.0,59,0.0
17/01/2026,İstanbul,5,GRİNGO,1,1.8,0.3265699335105499,1,0.64,0.5,0.6666666666666666,0.31755555555555587,5,0.0,34,60.0
17/01/2026,İstanbul,5,UDARHAN,2,2.45,0.12877987934053903,0,0.5599999999999999,0.0,0.0,0.00799999999999983,5,0.0,34,58.0
17/01/2026,İstanbul,5,FIRTINA DEMİR,3,6.1,0.09431340246765056,0,0.58,0.0,0.0,0.04400000000000006,5,0.0,24,58.0
17/01/2026,İstanbul,5,AKSOYLUCAN,4,9.45,0.09725879114217,0,0.62,0.0,0.0,0.11599999999999994,5,0.0,31,58.0
17/01/2026,İstanbul,5,ÇETİNALP,5,22.3,0.05059579045851867,0,0.5,0.0,0.0,0.9,5,0.0,19,55.0
17/01/2026,İstanbul,5,FİKRİ HARİKA,6,18.3,0.03655190666265792,0,0.4,0.0,0.0,0.72,5,0.0,12,0.0
17/01/2026,İstanbul,5,AL YÜREK,7,28.6,0.05306505627116324,0,0.3333333333333333,0.0,0.0,0.6,5,0.0,29,0.0
17/01/2026,İstanbul,5,ACEM KIZIM,8,25.1,0.06840609503722783,0,0.34,0.0,0.0,0.6120000000000002,5,0.0,31,56.0
17/01/2026,İstanbul,5,MEVHİDE HANIM,9,16.0,0.0704013578183404,0,0.35,0.0,0.0,0.63,5,0.0,35,56.0
17/01/2026,İstanbul,5,ŞUARYA,10,56.95,0.048277170247117356,0,0.125,0.0,0.0,0.225,5,0.0,11,56.0
17/01/2026,İstanbul,5,GÜNDEĞER,11,12.75,0.06215391223801494,0,0.0,0.0,0.0,0.0,5,0.0,0,58.0
17/01/2026,İstanbul,5,AKÇAKIL,12,41.1,0.038151599658940445,0,0.019999999999999928,0.0,0.0,0.03599999999999987,5,0.0,16,58.0
17/01/2026,İstanbul,5,GRİNGO,1,1.8,0.3265699335105499,1,0.64,0.5,0.6666666666666666,0.31755555555555587,5,0.0,34,60.0
17/01/2026,İstanbul,5,UDARHAN,2,2.45,0.12877987934053903,0,0.5599999999999999,0.0,0.0,0.00799999999999983,5,0.0,34,58.0
17/01/2026,İstanbul,5,FIRTINA DEMİR,3,6.1,0.09431340246765056,0,0.58,0.0,0.0,0.04400000000000006,5,0.0,24,58.0
17/01/2026,İstanbul,5,AKSOYLUCAN,4,9.45,0.09725879114217,0,0.62,0.0,0.0,0.11599999999999994,5,0.0,31,58.0
17/01/2026,İstanbul,5,ÇETİNALP,5,22.3,0.05059579045851867,0,0.5,0.0,0.0,0.9,5,0.0,19,55.0
17/01/2026,İstanbul,5,FİKRİ HARİKA,6,18.3,0.03655190666265792,0,0.4,0.0,0.0,0.72,5,0.0,12,0.0
17/01/2026,İstanbul,5,AL YÜREK,7,28.6,0.05306505627116324,0,0.3333333333333333,0.0,0.0,0.6,5,0.0,29,0.0
17/01/2026,İstanbul,5,ACEM KIZIM,8,25.1,0.06840609503722783,0,0.34,0.0,0.0,0.6120000000000002,5,0.0,31,56.0
17/01/2026,İstanbul,5,MEVHİDE HANIM,9,16.0,0.0704013578183404,0,0.35,0.0,0.0,0.63,5,0.0,35,56.0
17/01/2026,İstanbul,5,ŞUARYA,10,56.95,0.048277170247117356,0,0.125,0.0,0.0,0.225,5,0.0,11,56.0
17/01/2026,İstanbul,5,GÜNDEĞER,11,12.75,0.06215391223801494,0,0.0,0.0,0.0,0.0,5,0.0,0,58.0
17/01/2026,İstanbul,5,AKÇAKIL,12,41.1,0.038151599658940445,0,0.019999999999999928,0.0,0.0,0.03599999999999987,5,0.0,16,58.0
17/01/2026,İstanbul,6,AYSERA KIZ,1,1.7,0.32538879024403483,1,0.8333333333333334,1.0,0.6666666666666666,0.5000000000000003,5,0.0,79,0.0
17/01/2026,İstanbul,6,JALELA,2,10.25,0.09846507123052722,0,0.6599999999999999,0.0,0.2,0.002666666666666657,5,0.0,76,56.5
17/01/2026,İstanbul,6,LUSİA,3,8.5,0.11037664076536202,0,0.74,0.0,0.1111111111111111,0.22014814814814826,5,0.0,92,56.5
17/01/2026,İstanbul,6,BAYAN ALTIN,4,2.8,0.1359433142534747,0,0.82,0.0,0.0,0.47599999999999965,5,0.0,88,56.5
17/01/2026,İstanbul,6,ESİNİN KIZI,5,1.7,0.1227251475825218,0,0.58,0.0,0.0,0.04400000000000006,5,0.0,87,56.5
17/01/2026,İstanbul,6,BİLETÇİ KIZ,6,3.3,0.12411830803620189,0,0.54,0.0,0.3333333333333333,0.7031111111111114,5,0.0,92,56.5
17/01/2026,İstanbul,6,HAZBALIK,7,16.55,0.19165648562034718,0,0.6799999999999999,0.16666666666666666,0.23076923076923078,0.26887179487179497,5,0.0,85,56.5
17/01/2026,İstanbul,6,GÜL AYALI,8,2.8,0.0889819690245799,0,0.5,0.0,0.2857142857142857,0.6809523809523809,5,0.0,62,56.5
17/01/2026,İstanbul,6,FIRATIN GÜCÜ,9,52.5,0.1132071608610168,0,0.62,0.0,0.18181818181818182,0.9547878787878787,5,0.0,65,56.5
17/01/2026,İstanbul,6,ANEMON ÇİÇEĞİ,10,35.15,0.11159036298723185,0,0.6,0.0,0.0,0.08,5,0.0,70,56.5
17/01/2026,İstanbul,6,GÖZE ÇARPAN,11,54.35,0.07549688273216026,0,0.5,0.0,0.0,0.9,5,0.0,61,56.5
17/01/2026,İstanbul,6,AYSERA KIZ,1,1.7,0.32538879024403483,1,0.8333333333333334,1.0,0.6666666666666666,0.5000000000000003,5,0.0,79,0.0
17/01/2026,İstanbul,6,JALELA,2,10.25,0.09846507123052722,0,0.6599999999999999,0.0,0.2,0.002666666666666657,5,0.0,76,56.5
17/01/2026,İstanbul,6,LUSİA,3,8.5,0.11037664076536202,0,0.74,0.0,0.1111111111111111,0.22014814814814826,5,0.0,92,56.5
17/01/2026,İstanbul,6,BAYAN ALTIN,4,2.8,0.1359433142534747,0,0.82,0.0,0.0,0.47599999999999965,5,0.0,88,56.5
17/01/2026,İstanbul,6,ESİNİN KIZI,5,1.7,0.1227251475825218,0,0.58,0.0,0.0,0.04400000000000006,5,0.0,87,56.5
17/01/2026,İstanbul,6,BİLETÇİ KIZ,6,3.3,0.12411830803620189,0,0.54,0.0,0.3333333333333333,0.7031111111111114,5,0.0,92,56.5
17/01/2026,İstanbul,6,HAZBALIK,7,16.55,0.19165648562034718,0,0.6799999999999999,0.16666666666666666,0.23076923076923078,0.26887179487179497,5,0.0,85,56.5
17/01/2026,İstanbul,6,GÜL AYALI,8,2.8,0.0889819690245799,0,0.5,0.0,0.2857142857142857,0.6809523809523809,5,0.0,62,56.5
17/01/2026,İstanbul,6,FIRATIN GÜCÜ,9,52.5,0.1132071608610168,0,0.62,0.0,0.18181818181818182,0.9547878787878787,5,0.0,65,56.5
17/01/2026,İstanbul,6,ANEMON ÇİÇEĞİ,10,35.15,0.11159036298723185,0,0.6,0.0,0.0,0.08,5,0.0,70,56.5
17/01/2026,İstanbul,6,GÖZE ÇARPAN,11,54.35,0.07549688273216026,0,0.5,0.0,0.0,0.9,5,0.0,61,56.5
17/01/2026,İstanbul,7,ATAMANBEY,1,1.65,0.28460425594140587,1,0.8,0.75,1.0,0.6483333333333334,5,0.0,64,0.0
17/01/2026,İstanbul,7,GÖKTUĞTAY,2,14.3,0.07630575565201893,0,0.45999999999999996,0.0,0.3,0.6099999999999999,5,0.0,62,0.0
17/01/2026,İstanbul,7,AKTER TAY,3,11.85,0.10784112774896526,0,0.45999999999999996,0.14285714285714285,0.0625,0.9768690476190476,5,0.0,46,0.0
17/01/2026,İstanbul,7,AYBENOVA,4,27.4,0.16357530355854905,0,0.62,0.3333333333333333,0.0,0.6226666666666663,5,0.0,61,57.0
17/01/2026,İstanbul,7,KIZGIN YÜREK,4,4.3,0.05905877348934197,0,0.52,0.0,0.1,0.8573333333333334,5,0.0,52,0.0
17/01/2026,İstanbul,7,MANDAR ABBAS,6,10.85,0.06465933622740051,0,0.5599999999999999,0.0,0.11764705882352941,0.9107450980392158,5,0.0,50,0.0
17/01/2026,İstanbul,7,YAZASLANI,7,30.8,0.05145458984292314,0,0.4,0.0,0.0,0.72,5,0.0,31,0.0
17/01/2026,İstanbul,7,YAĞIZHANBEY,8,19.8,0.08699733247227358,0,0.44000000000000006,0.0,0.125,0.7036666666666668,5,0.0,62,57.5
17/01/2026,İstanbul,7,CAN DENİZİM,9,31.2,0.07284808555774733,0,0.25999999999999995,0.0,0.0,0.4679999999999998,5,0.0,55,0.0
17/01/2026,İstanbul,7,KAHRAMAN EVLAT,10,15.5,0.14428488560085176,0,0.4,0.25,0.06666666666666667,0.0005555555555554292,5,0.0,69,59.0
17/01/2026,İstanbul,7,TOLSTOY,11,13.15,0.04614486940328553,0,0.033333333333333395,0.0,0.0,0.06000000000000011,5,0.0,41,0.0
17/01/2026,İstanbul,7,EFE METE BEY,12,6.7,0.10378222107147499,0,0.5,0.0,0.0,0.9,5,0.0,73,61.0
17/01/2026,İstanbul,7,YETİM İBRAHİM,13,15.6,0.10966067195325017,0,0.64,0.0,0.0,0.15200000000000016,5,0.0,66,56.5
17/01/2026,İstanbul,7,ATAMANBEY,1,1.65,0.28460425594140587,1,0.8,0.75,1.0,0.6483333333333334,5,0.0,64,0.0
17/01/2026,İstanbul,7,GÖKTUĞTAY,2,14.3,0.07630575565201893,0,0.45999999999999996,0.0,0.3,0.6099999999999999,5,0.0,62,0.0
17/01/2026,İstanbul,7,AKTER TAY,3,11.85,0.10784112774896526,0,0.45999999999999996,0.14285714285714285,0.0625,0.9768690476190476,5,0.0,46,0.0
17/01/2026,İstanbul,7,AYBENOVA,4,27.4,0.16357530355854905,0,0.62,0.3333333333333333,0.0,0.6226666666666663,5,0.0,61,57.0
17/01/2026,İstanbul,7,KIZGIN YÜREK,4,4.3,0.05905877348934197,0,0.52,0.0,0.1,0.8573333333333334,5,0.0,52,0.0
17/01/2026,İstanbul,7,MANDAR ABBAS,6,10.85,0.06465933622740051,0,0.5599999999999999,0.0,0.11764705882352941,0.9107450980392158,5,0.0,50,0.0
17/01/2026,İstanbul,7,YAZASLANI,7,30.8,0.05145458984292314,0,0.4,0.0,0.0,0.72,5,0.0,31,0.0
17/01/2026,İstanbul,7,YAĞIZHANBEY,8,19.8,0.08699733247227358,0,0.44000000000000006,0.0,0.125,0.7036666666666668,5,0.0,62,57.5
17/01/2026,İstanbul,7,CAN DENİZİM,9,31.2,0.07284808555774733,0,0.25999999999999995,0.0,0.0,0.4679999999999998,5,0.0,55,0.0
17/01/2026,İstanbul,7,KAHRAMAN EVLAT,10,15.5,0.14428488560085176,0,0.4,0.25,0.06666666666666667,0.0005555555555554292,5,0.0,69,59.0
17/01/2026,İstanbul,7,TOLSTOY,11,13.15,0.04614486940328553,0,0.033333333333333395,0.0,0.0,0.06000000000000011,5,0.0,41,0.0
17/01/2026,İstanbul,7,EFE METE BEY,12,6.7,0.10378222107147499,0,0.5,0.0,0.0,0.9,5,0.0,73,61.0
17/01/2026,İstanbul,7,YETİM İBRAHİM,13,15.6,0.10966067195325017,0,0.64,0.0,0.0,0.15200000000000016,5,0.0,66,56.5
17/01/2026,İstanbul,8,REAL TROUBLE,1,5.85,0.21828917592694683,1,0.6599999999999999,0.75,0.3125,0.0684166666666664,5,0.0,91,59.0
17/01/2026,İstanbul,8,WIN HER LOVE,2,4.7,0.2457513594445115,0,0.74,0.3333333333333333,0.2222222222222222,0.6549629629629626,5,0.0,74,59.0
17/01/2026,İstanbul,8,LA SPEZIA,3,17.45,0.06949281577495815,0,0.42000000000000004,0.0,0.0,0.7560000000000001,5,0.0,58,56.0
17/01/2026,İstanbul,8,ARNAVUT KIZ,4,20.85,0.08251720616987854,0,0.54,0.0,0.2,0.8106666666666668,5,0.0,54,0.0
17/01/2026,İstanbul,8,DIAMOND BROTHERS,5,8.75,0.09879302921970884,0,0.62,0.0,0.09090909090909091,0.035393939393939464,5,0.0,79,0.0
17/01/2026,İstanbul,8,YAZ,6,33.8,0.11963102412469956,0,0.5,0.125,0.0,0.075,5,0.0,59,58.0
17/01/2026,İstanbul,8,LA FOULE,7,28.0,0.07619166366314796,0,0.48,0.0,0.0,0.8640000000000001,5,0.0,56,56.0
17/01/2026,İstanbul,8,MITROS ON FIRE,8,4.05,0.12272681266470269,0,0.48,0.0,0.3333333333333333,0.6151111111111112,5,0.0,87,57.0
17/01/2026,İstanbul,8,VIVERNUS PRIDE,9,26.8,0.06773474210216618,0,0.24000000000000005,0.0,0.0,0.43200000000000016,5,0.0,44,56.0
17/01/2026,İstanbul,8,POWERFULL LADY,10,14.55,0.039635943542538625,0,0.2,0.0,0.0,0.36,5,0.0,18,0.0
17/01/2026,İstanbul,8,ADAL,11,8.7,0.13926258660912996,0,0.54,0.16666666666666666,0.10526315789473684,0.12708771929824564,5,0.0,86,59.0
17/01/2026,İstanbul,8,HERKHAN STAR,12,9.15,0.09524645220185853,0,0.27999999999999997,0.0,0.2222222222222222,0.38251851851851854,5,0.0,70,0.0
17/01/2026,İstanbul,8,FLYING JO,13,14.55,0.11508292219488829,0,0.7,0.16666666666666666,0.0,0.5266666666666666,5,0.0,54,55.0
17/01/2026,İstanbul,8,JİNORA,14,74.35,0.03011802039744277,0,0.0,0.0,0.0,0.0,5,0.0,25,0.0
17/01/2026,İstanbul,8,PRENSES DALAKA,15,29.65,0.07139049845591862,0,0.27999999999999997,0.0,0.0,0.5039999999999999,5,0.0,40,55.0
17/01/2026,İstanbul,8,OHRID INCISI,16,3.45,0.12163446580617493,0,0.3,0.0,0.0,0.54,5,0.0,82,57.0
17/01/2026,İstanbul,8,REAL TROUBLE,1,5.85,0.21828917592694683,1,0.6599999999999999,0.75,0.3125,0.0684166666666664,5,0.0,91,59.0
17/01/2026,İstanbul,8,WIN HER LOVE,2,4.7,0.2457513594445115,0,0.74,0.3333333333333333,0.2222222222222222,0.6549629629629626,5,0.0,74,59.0
17/01/2026,İstanbul,8,LA SPEZIA,3,17.45,0.06949281577495815,0,0.42000000000000004,0.0,0.0,0.7560000000000001,5,0.0,58,56.0
17/01/2026,İstanbul,8,ARNAVUT KIZ,4,20.85,0.08251720616987854,0,0.54,0.0,0.2,0.8106666666666668,5,0.0,54,0.0
17/01/2026,İstanbul,8,DIAMOND BROTHERS,5,8.75,0.09879302921970884,0,0.62,0.0,0.09090909090909091,0.035393939393939464,5,0.0,79,0.0
17/01/2026,İstanbul,8,YAZ,6,33.8,0.11963102412469956,0,0.5,0.125,0.0,0.075,5,0.0,59,58.0
17/01/2026,İstanbul,8,LA FOULE,7,28.0,0.07619166366314796,0,0.48,0.0,0.0,0.8640000000000001,5,0.0,56,56.0
17/01/2026,İstanbul,8,MITROS ON FIRE,8,4.05,0.12272681266470269,0,0.48,0.0,0.3333333333333333,0.6151111111111112,5,0.0,87,57.0
17/01/2026,İstanbul,8,VIVERNUS PRIDE,9,26.8,0.06773474210216618,0,0.24000000000000005,0.0,0.0,0.43200000000000016,5,0.0,44,56.0
17/01/2026,İstanbul,8,POWERFULL LADY,10,14.55,0.039635943542538625,0,0.2,0.0,0.0,0.36,5,0.0,18,0.0
17/01/2026,İstanbul,8,ADAL,11,8.7,0.13926258660912996,0,0.54,0.16666666666666666,0.10526315789473684,0.12708771929824564,5,0.0,86,59.0
17/01/2026,İstanbul,8,HERKHAN STAR,12,9.15,0.09524645220185853,0,0.27999999999999997,0.0,0.2222222222222222,0.38251851851851854,5,0.0,70,0.0
17/01/2026,İstanbul,8,FLYING JO,13,14.55,0.11508292219488829,0,0.7,0.16666666666666666,0.0,0.5266666666666666,5,0.0,54,55.0
17/01/2026,İstanbul,8,JİNORA,14,74.35,0.03011802039744277,0,0.0,0.0,0.0,0.0,5,0.0,25,0.0
17/01/2026,İstanbul,8,PRENSES DALAKA,15,29.65,0.07139049845591862,0,0.27999999999999997,0.0,0.0,0.5039999999999999,5,0.0,40,55.0
17/01/2026,İstanbul,8,OHRID INCISI,16,3.45,0.12163446580617493,0,0.3,0.0,0.0,0.54,5,0.0,82,57.0
